{"cameraMode":{"drawMode":0,"name":"Shaded","section":"Shading Mode"},"sceneLighting":false,"audioPlay":false,"sceneViewState":{"m_AlwaysRefresh":false,"showFog":true,"showSkybox":false,"showFlares":true,"showImageEffects":true,"showParticleSystems":true,"showVisualEffectGraphs":true,"m_FxEnabled":true},"in2DMode":false,"pivot":{"x":41.21201705932617,"y":11.039999961853028,"z":61.369571685791019},"rotation":{"x":-0.15899217128753663,"y":0.18165116012096406,"z":-0.02905031479895115,"w":-0.9701555371284485},"size":11.976452827453614,"orthographic":false}